월(Monthly),시도명,시군구,승용,승용,승용,승용,승합,승합,승합,승합,화물,화물,화물,화물,특수,특수,특수,특수,총계,총계,총계,총계
월(Monthly),시도명,시군구,관용,자가용,영업용,계,관용,자가용,영업용,계,관용,자가용,영업용,계,관용,자가용,영업용,계,관용,자가용,영업용,계
2025-12,서울,강남구,156,218,755,12,021,230,932,59,3,737,536,4,332,192,13,447,2,328,15,967,18,382,176,576,425,236,321,15,061,251,807
2025-12,서울,강동구,109,145,166,4,974,150,249,44,3,050,613,3,707,150,11,810,2,588,14,548,8,270,203,481,311,160,296,8,378,168,985
2025-12,서울,강북구,114,59,344,2,136,61,594,68,1,887,716,2,671,127,6,512,1,243,7,882,18,143,110,271,327,67,886,4,205,72,418
2025-12,서울,강서구,137,166,195,8,659,174,991,46,3,836,1,355,5,237,158,15,581,4,344,20,083,17,452,260,729,358,186,064,14,618,201,040
2025-12,서울,관악구,88,98,421,3,052,101,561,44,2,622,355,3,021,143,8,533,2,222,10,898,11,206,164,381,286,109,782,5,793,115,861
2025-12,서울,광진구,85,79,919,2,979,82,983,44,1,850,323,2,217,164,8,286,1,535,9,985,10,129,91,230,303,90,184,4,928,95,415
2025-12,서울,구로구,113,113,839,8,390,122,342,59,3,444,565,4,068,127,13,276,2,588,15,991,6,336,163,505,305,130,895,11,706,142,906
2025-12,서울,금천구,59,71,480,2,834,74,373,33,2,270,435,2,738,78,10,270,2,195,12,543,13,199,92,304,183,84,219,5,556,89,958
2025-12,서울,노원구,81,127,936,5,559,133,576,52,2,880,714,3,646,168,9,311,2,103,11,582,12,282,249,543,313,140,409,8,625,149,347
2025-12,서울,도봉구,92,75,816,4,482,80,390,50,2,038,560,2,648,124,7,753,2,061,9,938,12,197,153,362,278,85,804,7,256,93,338
2025-12,서울,동대문구,111,87,786,2,737,90,634,60,2,288,126,2,474,137,9,422,2,236,11,795,15,214,97,326,323,99,710,5,196,105,229
2025-12,서울,동작구,117,93,690,1,266,95,073,44,1,960,129,2,133,138,6,161,1,121,7,420,17,151,176,344,316,101,962,2,692,104,970
2025-12,서울,마포구,98,101,042,4,032,105,172,54,2,263,608,2,925,179,8,931,2,620,11,730,23,282,472,777,354,112,518,7,732,120,604
2025-12,서울,서대문구,220,77,338,3,439,80,997,100,1,794,402,2,296,135,5,539,1,765,7,439,7,150,110,267,462,84,821,5,716,90,999
2025-12,서울,서초구,172,156,029,3,160,159,361,131,2,721,632,3,484,182,10,247,4,130,14,559,16,282,225,523,501,169,279,8,147,177,927
2025-12,서울,성동구,134,83,187,8,243,91,564,50,1,633,926,2,609,178,8,033,1,899,10,110,17,207,117,341,379,93,060,11,185,104,624
2025-12,서울,성북구,93,106,203,2,018,108,314,49,2,485,1,083,3,617,142,8,147,1,654,9,943,8,215,100,323,292,117,050,4,855,122,197
2025-12,서울,송파구,133,205,094,7,593,212,820,107,3,633,1,562,5,302,158,16,547,4,931,21,636,21,425,391,837,419,225,699,14,477,240,595
2025-12,서울,양천구,128,126,182,4,910,131,220,65,2,756,740,3,561,146,10,453,2,832,13,431,9,261,423,693,348,139,652,8,905,148,905
2025-12,서울,영등포구,125,117,516,2,769,120,410,62,3,254,198,3,514,170,12,482,4,385,17,037,17,460,646,1,123,374,133,712,7,998,142,084
2025-12,서울,용산구,267,62,843,1,118,64,228,121,1,605,73,1,799,142,4,733,1,061,5,936,12,149,33,194,542,69,330,2,285,72,157
2025-12,서울,은평구,100,113,161,4,182,117,443,46,2,633,750,3,429,139,9,412,2,031,11,582,16,197,179,392,301,125,403,7,142,132,846
2025-12,서울,종로구,1,685,38,965,240,40,890,1,444,1,277,251,2,972,335,3,521,1,759,5,615,99,103,101,303,3,563,43,866,2,351,49,780
2025-12,서울,중구,286,38,999,1,302,40,587,841,1,638,290,2,769,176,4,466,1,105,5,747,22,198,84,304,1,325,45,301,2,781,49,407
2025-12,서울,중랑구,79,91,355,5,948,97,382,32,2,677,576,3,285,123,11,108,2,728,13,959,12,243,318,573,246,105,383,9,570,115,199
2025-12,서울,계,4,782,2,656,261,108,043,2,769,086,3,705,62,231,14,518,80,454,3,911,233,981,59,464,297,356,436,6,133,5,133,11,702,12,834,2,958,606,187,158,3,158,598
2025-12,부산,강서구,125,72,922,1,788,74,835,82,1,544,338,1,964,131,16,184,2,855,19,170,9,436,651,1,096,347,91,086,5,632,97,065
2025-12,부산,금정구,101,64,628,2,429,67,158,60,1,869,946,2,875,101,9,199,3,036,12,336,13,204,635,852,275,75,900,7,046,83,221
2025-12,부산,기장군,80,76,131,865,77,076,46,1,884,545,2,475,124,10,653,1,260,12,037,13,280,231,524,263,88,948,2,901,92,112
2025-12,부산,남구,99,81,389,2,834,84,322,52,1,897,484,2,433,58,8,383,4,388,12,829,4,339,1,471,1,814,213,92,008,9,177,101,398
2025-12,부산,동구,79,44,422,1,039,45,540,46,770,176,992,64,3,470,2,271,5,805,5,88,1,035,1,128,194,48,750,4,521,53,465
2025-12,부산,동래구,72,88,503,1,688,90,263,27,1,751,358,2,136,65,9,701,1,619,11,385,2,222,271,495,166,100,177,3,936,104,279
2025-12,부산,부산진구,129,125,218,32,487,157,834,63,2,495,555,3,113,170,12,890,2,504,15,564,10,212,569,791,372,140,815,36,115,177,302
2025-12,부산,북구,103,86,552,1,468,88,123,49,1,933,312,2,294,106,11,418,1,613,13,137,11,202,255,468,269,100,105,3,648,104,022
2025-12,부산,사상구,100,65,888,2,296,68,284,53,1,929,214,2,196,99,13,882,2,333,16,314,8,243,331,582,260,81,942,5,174,87,376
2025-12,부산,사하구,112,92,065,3,503,95,680,50,2,458,339,2,847,103,12,538,1,985,14,626,9,231,267,507,274,107,292,6,094,113,660
2025-12,부산,서구,65,26,445,358,26,868,31,793,18,842,40,3,580,877,4,497,0,69,86,155,136,30,887,1,339,32,362
2025-12,부산,수영구,86,57,222,65,073,122,381,37,1,320,691,2,048,82,5,235,1,186,6,503,12,145,337,494,217,63,922,67,287,131,426
2025-12,부산,연제구,359,116,666,25,142,142,167,496,1,635,764,2,895,181,8,880,2,355,11,416,30,213,722,965,1,066,127,394,28,983,157,443
2025-12,부산,영도구,86,26,179,1,231,27,496,50,870,316,1,236,83,3,942,382,4,407,9,49,57,115,228,31,040,1,986,33,254
2025-12,부산,중구,155,36,769,125,37,049,61,445,4,510,77,1,757,5,412,7,246,16,105,1,707,1,828,309,39,076,7,248,46,633
2025-12,부산,해운대구,137,142,901,2,029,145,067,57,2,641,230,2,928,126,12,207,2,225,14,558,9,343,490,842,329,158,092,4,974,163,395
2025-12,부산,계,1,888,1,203,900,144,355,1,350,143,1,260,26,234,6,290,33,784,1,610,143,919,36,301,181,830,160,3,381,9,115,12,656,4,918,1,377,434,196,061,1,578,413
2025-12,대구,군위군,48,10,205,67,10,320,35,357,21,413,55,5,298,147,5,500,3,66,19,88,141,15,926,254,16,321
2025-12,대구,남구,111,47,764,876,48,751,214,1,174,107,1,495,78,6,043,503,6,624,3,134,58,195,406,55,115,1,544,57,065
2025-12,대구,달서구,189,239,028,19,536,258,753,112,4,301,729,5,142,181,28,543,5,449,34,173,16,650,607,1,273,498,272,522,26,321,299,341
2025-12,대구,달성군,123,117,644,1,479,119,246,117,2,645,496,3,258,289,19,281,2,890,22,460,66,433,295,794,595,140,003,5,160,145,758
2025-12,대구,동구,115,142,616,4,267,146,998,87,3,028,738,3,853,158,19,130,3,949,23,237,10,488,524,1,022,370,165,262,9,478,175,110
2025-12,대구,북구,164,170,474,2,521,173,159,122,3,418,647,4,187,227,27,636,4,476,32,339,29,610,441,1,080,542,202,138,8,085,210,765
2025-12,대구,서구,92,61,196,3,089,64,377,41,1,557,203,1,801,122,10,713,1,535,12,370,9,175,112,296,264,73,641,4,939,78,844
2025-12,대구,수성구,191,194,963,2,819,197,973,187,2,811,605,3,603,212,15,208,1,402,16,822,14,510,168,692,604,213,492,4,994,219,090
2025-12,대구,중구,89,51,194,1,161,52,444,68,1,003,315,1,386,146,4,222,485,4,853,17,103,30,150,320,56,522,1,991,58,833
2025-12,대구,계,1,122,1,035,084,35,815,1,072,021,983,20,294,3,861,25,138,1,468,136,074,20,836,158,378,167,3,169,2,254,5,590,3,740,1,194,621,62,766,1,261,127
2025-12,인천,강화군,148,28,196,2,647,30,991,55,1,046,275,1,376,159,10,763,775,11,697,11,254,89,354,373,40,259,3,786,44,418
2025-12,인천,계양구,107,95,712,111,762,207,581,59,2,862,1,607,4,528,109,26,469,2,908,29,486,20,434,336,790,295,125,477,116,613,242,385
2025-12,인천,남동구,361,222,675,18,457,241,493,456,4,477,772,5,705,168,27,428,3,656,31,252,25,585,487,1,097,1,010,255,165,23,372,279,547
2025-12,인천,동구,39,19,539,879,20,457,35,778,73,886,34,3,253,1,338,4,625,2,99,322,423,110,23,669,2,612,26,391
2025-12,인천,미추홀구,189,144,530,12,880,157,599,96,3,735,74,3,905,139,16,717,5,297,22,153,19,457,850,1,326,443,165,439,19,101,184,983
2025-12,인천,부평구,142,197,910,30,532,228,584,79,3,976,1,023,5,078,102,19,444,3,092,22,638,8,470,297,775,331,221,800,34,944,257,075
2025-12,인천,서구,221,279,043,5,918,285,182,107,5,839,1,405,7,351,189,33,722,6,571,40,482,31,881,731,1,643,548,319,485,14,625,334,658
2025-12,인천,연수구,160,215,233,5,632,221,025,86,2,897,714,3,697,138,12,281,3,658,16,077,13,427,536,976,397,230,838,10,540,241,775
2025-12,인천,옹진군,73,8,844,33,086,42,003,52,511,571,1,134,127,4,103,60,4,290,3,54,12,69,255,13,512,33,729,47,496
2025-12,인천,중구,274,76,254,1,006,77,534,154,1,744,794,2,692,186,8,438,8,396,17,020,18,375,1,723,2,116,632,86,811,11,919,99,362
2025-12,인천,계,1,714,1,287,936,222,799,1,512,449,1,179,27,865,7,308,36,352,1,351,162,618,35,751,199,720,150,4,036,5,383,9,569,4,394,1,482,455,271,241,1,758,090
2025-12,광주,광산구,241,175,974,3,977,180,192,144,3,929,394,4,467,198,26,245,7,907,34,350,30,774,934,1,738,613,206,922,13,212,220,747
2025-12,광주,남구,89,84,416,846,85,351,49,1,716,450,2,215,89,8,518,1,003,9,610,11,248,178,437,238,94,898,2,477,97,613
2025-12,광주,동구,94,42,457,421,42,972,56,848,114,1,018,100,4,004,389,4,493,10,108,72,190,260,47,417,996,48,673
2025-12,광주,북구,180,173,804,4,448,178,432,200,3,567,987,4,754,220,22,472,3,623,26,315,19,611,534,1,164,619,200,454,9,592,210,665
2025-12,광주,서구,309,127,119,3,682,131,110,148,2,853,331,3,332,228,15,003,1,747,16,978,23,441,218,682,708,145,416,5,978,152,102
2025-12,광주,계,913,603,770,13,374,618,057,597,12,913,2,276,15,786,835,76,242,14,669,91,746,93,2,182,1,936,4,211,2,438,695,107,32,255,729,800
2025-12,대전,대덕구,84,72,144,1,898,74,126,45,1,841,547,2,433,110,13,380,3,918,17,408,10,356,448,814,249,87,721,6,811,94,781
2025-12,대전,동구,87,79,048,2,937,82,072,56,2,131,442,2,629,101,12,715,1,672,14,488,13,316,225,554,257,94,210,5,276,99,743
2025-12,대전,서구,303,189,048,27,315,216,666,321,3,767,472,4,560,203,18,194,2,417,20,814,32,558,481,1,071,859,211,567,30,685,243,111
2025-12,대전,유성구,119,178,583,2,410,181,112,95,2,854,354,3,303,476,15,225,2,441,18,142,27,656,296,979,717,197,318,5,501,203,536
2025-12,대전,중구,99,85,075,2,318,87,492,49,2,244,417,2,710,82,11,790,2,135,14,007,7,305,265,577,237,99,414,5,135,104,786
2025-12,대전,계,692,603,898,36,878,641,468,566,12,837,2,232,15,635,972,71,304,12,583,84,859,89,2,191,1,715,3,995,2,319,690,230,53,408,745,957
2025-12,울산,남구,331,140,730,2,842,143,903,223,2,458,573,3,254,241,15,952,3,345,19,538,22,384,614,1,020,817,159,524,7,374,167,715
2025-12,울산,동구,70,58,804,738,59,612,42,1,089,145,1,276,75,4,637,339,5,051,7,156,66,229,194,64,686,1,288,66,168
2025-12,울산,북구,89,111,422,1,495,113,006,40,1,919,323,2,282,93,11,220,1,644,12,957,9,296,334,639,231,124,857,3,796,128,884
2025-12,울산,울주군,159,111,325,1,173,112,657,95,2,482,682,3,259,166,21,058,4,255,25,479,14,475,1,020,1,509,434,135,340,7,130,142,904
2025-12,울산,중구,150,91,400,1,151,92,701,105,1,710,294,2,109,91,9,719,952,10,762,6,262,278,546,352,103,091,2,675,106,118
2025-12,울산,계,799,513,681,7,399,521,879,505,9,658,2,017,12,180,666,62,586,10,535,73,787,58,1,573,2,312,3,943,2,028,587,498,22,263,611,789
2025-12,세종,세종특별자치시,363,180,173,2,893,183,429,236,2,938,648,3,822,275,14,681,2,011,16,967,100,648,161,909,974,198,440,5,713,205,127
2025-12,세종,계,363,180,173,2,893,183,429,236,2,938,648,3,822,275,14,681,2,011,16,967,100,648,161,909,974,198,440,5,713,205,127
2025-12,경기,가평군,160,25,819,156,26,135,75,1,011,158,1,244,153,6,581,225,6,959,24,144,47,215,412,33,555,586,34,553
2025-12,경기,고양시 덕양구,317,173,815,1,841,175,973,152,3,655,457,4,264,197,18,581,2,779,21,557,22,482,249,753,688,196,533,5,326,202,547
2025-12,경기,고양시 일산동구,105,117,098,3,550,120,753,76,2,219,613,2,908,78,12,988,2,107,15,173,12,379,164,555,271,132,684,6,434,139,389
2025-12,경기,고양시 일산서구,71,103,985,2,217,106,273,20,1,897,561,2,478,37,8,918,1,505,10,460,2,228,133,363,130,115,028,4,416,119,574
2025-12,경기,과천시,474,29,311,318,30,103,97,486,44,627,128,1,935,485,2,548,15,90,17,122,714,31,822,864,33,400
2025-12,경기,광명시,143,95,560,1,584,97,287,66,2,151,398,2,615,111,10,028,2,395,12,534,11,240,201,452,331,107,979,4,578,112,888
2025-12,경기,광주시,209,174,519,1,057,175,785,90,4,399,2,335,6,824,126,30,096,5,704,35,926,18,755,365,1,138,443,209,769,9,461,219,673
2025-12,경기,구리시,95,61,754,1,155,63,004,74,1,373,281,1,728,98,8,106,1,491,9,695,14,196,149,359,281,71,429,3,076,74,786
2025-12,경기,군포시,130,86,379,814,87,323,74,1,847,178,2,099,89,8,651,3,771,12,511,12,191,241,444,305,97,068,5,004,102,377
2025-12,경기,김포시,265,203,469,3,424,207,158,107,4,514,1,672,6,293,207,30,610,4,608,35,425,10,735,676,1,421,589,239,328,10,380,250,297
2025-12,경기,남양주시,378,271,422,2,194,273,994,185,6,451,1,004,7,640,219,42,117,6,783,49,119,27,1,140,504,1,671,809,321,130,10,485,332,424
2025-12,경기,동두천시,100,32,039,670,32,809,44,1,131,72,1,247,79,5,281,700,6,060,11,117,52,180,234,38,568,1,494,40,296
2025-12,경기,부천시,5,104,1,110,0,38,10,48,0,130,6,136,0,0,1,1,5,272,18,295
2025-12,경기,부천시 소사구,48,73,202,1,190,74,440,18,1,905,123,2,046,36,8,028,1,284,9,348,1,174,172,347,103,83,309,2,769,86,181
2025-12,경기,부천시 오정구,38,52,044,1,475,53,557,29,1,725,446,2,200,32,9,355,1,787,11,174,4,195,173,372,103,63,319,3,881,67,303
2025-12,경기,부천시 원미구,193,127,789,2,794,130,776,147,3,166,593,3,906,157,15,277,3,353,18,787,25,370,196,591,522,146,602,6,936,154,060
2025-12,경기,성남시 분당구,199,179,481,3,703,183,383,55,2,184,1,448,3,687,106,7,405,1,877,9,388,9,367,133,509,369,189,437,7,161,196,967
2025-12,경기,성남시 수정구,163,72,321,1,830,74,314,63,1,885,199,2,147,80,7,280,1,521,8,881,3,169,163,335,309,81,655,3,713,85,677
2025-12,경기,성남시 중원구,216,62,852,2,107,65,175,58,1,895,311,2,264,100,8,520,1,617,10,237,18,188,161,367,392,73,455,4,196,78,043
2025-12,경기,수원시 권선구,105,190,292,5,373,195,770,157,4,307,1,917,6,381,158,19,992,3,183,23,333,23,633,548,1,204,443,215,224,11,021,226,688
2025-12,경기,수원시 영통구,261,145,577,1,739,147,577,105,1,875,151,2,131,65,6,521,1,420,8,006,2,268,122,392,433,154,241,3,432,158,106
2025-12,경기,수원시 장안구,252,98,285,1,079,99,616,137,2,513,82,2,732,100,8,020,2,112,10,232,18,273,114,405,507,109,091,3,387,112,985
2025-12,경기,수원시 팔달구,184,72,078,4,541,76,803,97,2,156,74,2,327,95,6,168,2,042,8,305,16,168,103,287,392,80,570,6,760,87,722
2025-12,경기,시흥시,182,228,702,1,819,230,703,108,5,743,474,6,325,156,36,914,6,368,43,438,23,764,519,1,306,469,272,123,9,180,281,772
2025-12,경기,안산시 단원구,213,138,416,7,632,146,261,146,4,536,1,160,5,842,225,22,801,4,060,27,086,12,495,315,822,596,166,248,13,167,180,011
2025-12,경기,안산시 상록구,79,121,992,2,025,124,096,39,3,565,644,4,248,33,17,949,2,715,20,697,3,468,356,827,154,143,974,5,740,149,868
2025-12,경기,안성시,179,98,019,733,98,931,91,2,847,560,3,498,132,19,630,3,305,23,067,16,971,290,1,277,418,121,467,4,888,126,773
2025-12,경기,안양시 동안구,164,120,394,2,114,122,672,108,1,894,549,2,551,129,9,888,3,730,13,747,10,404,170,584,411,132,580,6,563,139,554
2025-12,경기,안양시 만안구,91,76,958,1,364,78,413,29,1,973,933,2,935,42,8,939,1,597,10,578,0,207,128,335,162,88,077,4,022,92,261
2025-12,경기,양주시,187,122,424,691,123,302,88,3,494,561,4,143,168,20,114,3,104,23,386,15,534,263,812,458,146,566,4,619,151,643
2025-12,경기,양평군,241,54,648,430,55,319,90,1,556,514,2,160,261,12,043,897,13,201,11,292,79,382,603,68,539,1,920,71,062
2025-12,경기,여주시,188,54,270,364,54,822,84,1,896,637,2,617,197,14,282,6,455,20,934,9,355,354,718,478,70,803,7,810,79,091
2025-12,경기,연천군,90,18,754,538,19,382,67,672,265,1,004,153,6,475,4,134,10,762,7,147,487,641,317,26,048,5,424,31,789
2025-12,경기,오산시,101,113,378,1,263,114,742,60,2,589,570,3,219,67,10,655,2,776,13,498,11,345,183,539,239,126,967,4,792,131,998
2025-12,경기,용인시 기흥구,48,187,417,3,667,191,132,40,3,059,808,3,907,46,11,406,3,669,15,121,13,529,392,934,147,202,411,8,536,211,094
2025-12,경기,용인시 수지구,25,144,801,886,145,712,15,1,651,75,1,741,21,4,678,1,420,6,119,0,220,51,271,61,151,350,2,432,153,843
2025-12,경기,용인시 처인구,422,129,963,1,719,132,104,163,3,600,1,555,5,318,237,21,737,4,685,26,659,20,774,451,1,245,842,156,074,8,410,165,326
2025-12,경기,의왕시,119,62,034,416,62,569,92,1,140,194,1,426,84,5,634,2,041,7,759,8,159,300,467,303,68,967,2,951,72,221
2025-12,경기,의정부시,285,153,752,1,841,155,878,248,4,056,443,4,747,197,17,616,3,159,20,972,29,551,270,850,759,175,975,5,713,182,447
2025-12,경기,이천시,215,104,849,910,105,974,90,3,030,888,4,008,137,18,959,4,244,23,340,15,507,554,1,076,457,127,345,6,596,134,398
2025-12,경기,파주시,288,222,356,2,543,225,187,95,5,075,2,625,7,795,173,31,393,6,478,38,044,22,736,304,1,062,578,259,560,11,950,272,088
2025-12,경기,평택시,380,300,933,3,818,305,131,153,7,115,2,182,9,450,259,36,266,7,812,44,337,24,1,072,946,2,042,816,345,386,14,758,360,960
2025-12,경기,포천시,194,67,168,5,718,73,080,75,2,529,784,3,388,162,20,815,2,414,23,391,17,390,354,761,448,90,902,9,270,100,620
2025-12,경기,하남시,203,123,436,994,124,633,84,2,258,358,2,700,153,14,982,2,390,17,525,11,341,157,509,451,141,017,3,899,145,367
2025-12,경기,화성시,402,472,911,2,589,475,902,221,9,402,2,876,12,499,290,64,912,8,610,73,812,73,1,734,701,2,508,986,548,959,14,776,564,721
2025-12,경기,계,8,407,5,566,770,88,886,5,664,063,4,112,128,463,32,782,165,357,5,773,708,676,138,818,853,267,646,19,497,12,308,32,451,18,938,6,423,406,272,794,6,715,138
2025-12,충북,괴산군,81,16,698,129,16,908,56,724,58,838,88,8,053,257,8,398,12,109,29,150,237,25,584,473,26,294
2025-12,충북,단양군,69,11,236,101,11,406,50,434,81,565,117,4,840,397,5,354,7,87,227,321,243,16,597,806,17,646
2025-12,충북,보은군,71,12,626,112,12,809,57,575,87,719,116,6,515,444,7,075,17,80,44,141,261,19,796,687,20,744
2025-12,충북,영동군,100,17,752,113,17,965,59,635,93,787,114,8,219,177,8,510,14,98,39,151,287,26,704,422,27,413
2025-12,충북,옥천군,77,21,392,186,21,655,57,784,91,932,86,8,060,650,8,796,11,220,89,320,231,30,456,1,016,31,703
2025-12,충북,음성군,86,51,035,280,51,401,68,2,001,200,2,269,115,13,868,1,499,15,482,15,267,140,422,284,67,171,2,119,69,574
2025-12,충북,제천시,109,55,707,704,56,520,78,1,574,181,1,833,160,13,655,1,664,15,479,13,363,861,1,237,360,71,299,3,410,75,069
2025-12,충북,증평군,34,17,468,153,17,655,25,496,37,558,32,3,187,582,3,801,9,79,45,133,100,21,230,817,22,147
2025-12,충북,진천군,75,46,169,273,46,517,62,1,377,88,1,527,87,9,323,1,116,10,526,7,255,81,343,231,57,124,1,558,58,913
2025-12,충북,청원군,1,8,0,9,0,2,0,2,0,8,0,8,0,0,0,0,1,18,0,19
2025-12,충북,청주시 상당구,208,87,648,1,086,88,942,105,1,960,366,2,431,180,11,896,1,174,13,250,20,400,266,686,513,101,904,2,892,105,309
2025-12,충북,청주시 서원구,67,82,084,1,464,83,615,133,1,868,835,2,836,63,10,601,1,846,12,510,5,327,231,563,268,94,880,4,376,99,524
2025-12,충북,청주시 청원구,179,91,935,2,713,94,827,116,2,226,539,2,881,132,14,509,2,105,16,746,7,423,190,620,434,109,093,5,547,115,074
2025-12,충북,청주시 흥덕구,133,136,289,3,727,140,149,88,2,790,749,3,627,140,15,860,2,513,18,513,13,572,379,964,374,155,511,7,368,163,253
2025-12,충북,충주시,202,96,524,1,336,98,062,142,2,681,411,3,234,256,19,735,1,792,21,783,33,467,288,788,633,119,407,3,827,123,867
2025-12,충북,계,1,492,744,571,12,377,758,440,1,096,20,127,3,816,25,039,1,686,148,329,16,216,166,231,183,3,747,2,909,6,839,4,457,916,774,35,318,956,549
2025-12,충남,계룡시,80,23,463,64,23,607,38,513,100,651,60,2,228,433,2,721,9,91,36,136,187,26,295,633,27,115
2025-12,충남,공주시,238,42,741,1,311,44,290,120,1,456,382,1,958,249,12,845,676,13,770,27,238,129,394,634,57,280,2,498,60,412
2025-12,충남,금산군,75,20,926,2,808,23,809,41,925,207,1,173,95,8,555,583,9,233,10,140,74,224,221,30,546,3,672,34,439
2025-12,충남,논산시,152,46,273,853,47,278,87,1,945,332,2,364,143,15,274,1,084,16,501,30,245,98,373,412,63,737,2,367,66,516
2025-12,충남,당진시,146,88,610,821,89,577,74,2,263,351,2,688,194,19,481,2,352,22,027,17,516,800,1,333,431,110,870,4,324,115,625
2025-12,충남,보령시,143,40,404,537,41,084,72,1,307,174,1,553,187,12,703,517,13,407,36,207,123,366,438,54,621,1,351,56,410
2025-12,충남,부여군,108,23,308,178,23,594,71,1,022,322,1,415,161,11,276,396,11,833,15,104,56,175,355,35,710,952,37,017
2025-12,충남,서산시,185,82,413,868,83,466,87,2,298,487,2,872,167,19,080,1,892,21,139,24,437,444,905,463,104,228,3,691,108,382
2025-12,충남,서천군,77,19,762,144,19,983,41,653,110,804,107,7,718,439,8,264,18,95,81,194,243,28,228,774,29,245
2025-12,충남,아산시,215,179,280,1,934,181,429,133,4,296,506,4,935,184,24,374,3,778,28,336,51,752,351,1,154,583,208,702,6,569,215,854
2025-12,충남,예산군,159,35,969,276,36,404,111,1,329,310,1,750,181,11,567,749,12,497,16,225,125,366,467,49,090,1,460,51,017
2025-12,충남,천안시 동남구,106,122,156,2,049,124,311,59,3,485,721,4,265,131,19,506,2,991,22,628,16,652,392,1,060,312,145,799,6,153,152,264
2025-12,충남,천안시 서북구,167,186,011,1,576,187,754,156,4,068,889,5,113,231,20,917,2,709,23,857,25,652,324,1,001,579,211,648,5,498,217,725
2025-12,충남,청양군,92,12,147,64,12,303,58,424,60,542,128,6,081,524,6,733,17,83,66,166,295,18,735,714,19,744
2025-12,충남,태안군,86,24,936,191,25,213,45,923,113,1,081,193,10,834,253,11,280,19,151,50,220,343,36,844,607,37,794
2025-12,충남,홍성군,166,44,895,400,45,461,92,1,321,210,1,623,146,12,360,794,13,300,23,246,129,398,427,58,822,1,533,60,782
2025-12,충남,계,2,195,993,294,14,074,1,009,563,1,285,28,228,5,274,34,787,2,557,214,799,20,170,237,526,353,4,834,3,278,8,465,6,390,1,241,155,42,796,1,290,341
2025-12,전남,강진군,90,12,591,152,12,833,60,442,73,575,102,6,566,747,7,415,12,87,41,140,264,19,686,1,013,20,963
2025-12,전남,고흥군,108,21,564,168,21,840,76,977,86,1,139,142,12,801,259,13,202,12,146,35,193,338,35,488,548,36,374
2025-12,전남,곡성군,67,11,505,106,11,678,38,412,55,505,73,5,153,387,5,613,6,60,69,135,184,17,130,617,17,931
2025-12,전남,광양시,94,79,972,640,80,706,71,2,011,292,2,374,89,14,678,3,526,18,293,16,544,1,715,2,275,270,97,205,6,173,103,648
2025-12,전남,구례군,60,9,437,159,9,656,40,367,53,460,75,3,921,157,4,153,4,70,17,91,179,13,795,386,14,360
2025-12,전남,나주시,143,54,414,744,55,301,116,1,782,362,2,260,218,15,601,1,706,17,525,21,379,288,688,498,72,176,3,100,75,774
2025-12,전남,담양군,80,20,546,340,20,966,49,713,279,1,041,76,7,892,1,031,8,999,12,140,154,306,217,29,291,1,804,31,312
2025-12,전남,목포시,124,81,095,2,250,83,469,113,2,408,417,2,938,152,12,528,2,259,14,939,10,358,346,714,399,96,389,5,272,102,060
2025-12,전남,무안군,266,43,543,152,43,961,195,1,388,72,1,655,167,12,050,919,13,136,22,212,135,369,650,57,193,1,278,59,121
2025-12,전남,보성군,79,14,407,161,14,647,50,720,66,836,103,8,019,353,8,475,15,97,52,164,247,23,243,632,24,122
2025-12,전남,순천시,181,126,483,1,949,128,613,124,2,789,601,3,514,198,22,625,2,245,25,068,22,494,948,1,464,525,152,391,5,743,158,659
2025-12,전남,신안군,121,16,260,115,205,131,586,68,650,2,201,2,919,213,9,765,386,10,364,5,147,27,179,407,26,822,117,819,145,048
2025-12,전남,여수시,203,113,785,2,204,116,192,149,2,940,725,3,814,203,21,428,3,566,25,197,17,437,834,1,288,572,138,590,7,329,146,491
2025-12,전남,영광군,81,22,774,224,23,079,43,736,107,886,116,8,310,529,8,955,9,126,61,196,249,31,946,921,33,116
2025-12,전남,영암군,95,24,701,86,24,882,64,1,144,85,1,293,122,11,358,795,12,275,11,197,142,350,292,37,400,1,108,38,800
2025-12,전남,완도군,133,16,507,163,16,803,55,672,112,839,109,9,692,198,9,999,11,96,29,136,308,26,967,502,27,777
2025-12,전남,장성군,82,20,283,184,20,549,47,710,83,840,90,8,292,908,9,290,5,142,94,241,224,29,427,1,269,30,920
2025-12,전남,장흥군,93,13,762,83,13,938,72,521,48,641,107,7,081,253,7,441,8,75,28,111,280,21,439,412,22,131
2025-12,전남,진도군,80,11,438,94,11,612,47,500,62,609,101,6,362,150,6,613,9,74,24,107,237,18,374,330,18,941
2025-12,전남,함평군,71,12,497,5,696,18,264,47,490,120,657,87,6,620,197,6,904,13,91,25,129,218,19,698,6,038,25,954
2025-12,전남,해남군,119,25,202,101,139,126,460,80,1,595,850,2,525,152,15,680,234,16,066,10,136,41,187,361,42,613,102,264,145,238
2025-12,전남,화순군,96,26,225,474,26,795,50,859,842,1,751,107,8,050,560,8,717,10,155,146,311,263,35,289,2,022,37,574
2025-12,전남,계,2,466,778,991,232,373,1,013,830,1,654,24,826,7,591,34,071,2,802,234,472,21,365,258,639,260,4,263,5,251,9,774,7,182,1,042,552,266,580,1,316,314
2025-12,경북,경산시,145,120,381,900,121,426,98,2,879,400,3,377,130,22,049,2,810,24,989,18,456,409,883,391,145,765,4,519,150,675
2025-12,경북,경주시,217,121,592,1,635,123,444,136,3,516,524,4,176,221,25,821,2,029,28,071,17,583,379,979,591,151,512,4,567,156,670
2025-12,경북,고령군,61,14,594,36,14,691,33,635,55,723,76,6,532,683,7,291,18,88,53,159,188,21,849,827,22,864
2025-12,경북,구미시,202,196,165,2,375,198,742,104,4,687,803,5,594,225,25,699,3,554,29,478,21,718,477,1,216,552,227,269,7,209,235,030
2025-12,경북,군위군,0,18,2,20,0,4,0,4,0,16,3,19,0,0,0,0,0,38,5,43
2025-12,경북,김천시,149,59,558,590,60,297,79,1,879,272,2,230,169,17,901,1,150,19,220,18,278,193,489,415,79,616,2,205,82,236
2025-12,경북,문경시,96,27,346,383,27,825,55,1,135,114,1,304,125,10,313,285,10,723,13,151,96,260,289,38,945,878,40,112
2025-12,경북,봉화군,97,11,218,45,11,360,52,398,44,494,89,7,108,85,7,282,16,58,18,92,254,18,782,192,19,228
2025-12,경북,상주시,123,37,557,374,38,054,87,1,526,277,1,890,206,17,365,1,043,18,614,18,228,177,423,434,56,676,1,871,58,981
2025-12,경북,성주군,73,20,458,111,20,642,40,762,50,852,87,11,384,968,12,439,16,151,134,301,216,32,755,1,263,34,234
2025-12,경북,안동시,320,66,292,924,67,536,273,2,042,310,2,625,268,19,446,1,235,20,949,45,391,234,670,906,88,171,2,703,91,780
2025-12,경북,영덕군,74,13,186,92,13,352,47,584,53,684,125,6,031,128,6,284,17,86,30,133,263,19,887,303,20,453
2025-12,경북,영양군,64,6,599,38,6,701,36,276,27,339,75,4,021,54,4,150,8,45,6,59,183,10,941,125,11,249
2025-12,경북,영주시,125,41,722,463,42,310,76,1,493,132,1,701,149,14,609,728,15,486,27,245,157,429,377,58,069,1,480,59,926
2025-12,경북,영천시,136,44,986,349,45,471,81,1,652,226,1,959,155,16,033,1,518,17,706,19,267,368,654,391,62,938,2,461,65,790
2025-12,경북,예천군,107,23,521,172,23,800,63,689,80,832,110,8,694,204,9,008,21,121,48,190,301,33,025,504,33,830
2025-12,경북,울릉군,58,4,294,239,4,591,20,253,199,472,59,1,432,26,1,517,10,23,4,37,147,6,002,468,6,617
2025-12,경북,울진군,134,21,254,108,21,496,60,585,89,734,123,6,632,123,6,878,21,135,42,198,338,28,606,362,29,306
2025-12,경북,의성군,82,19,949,87,20,118,68,827,74,969,144,12,352,892,13,388,11,124,101,236,305,33,252,1,154,34,711
2025-12,경북,청도군,78,18,105,162,18,345,45,621,52,718,92,7,942,616,8,650,16,102,177,295,231,26,770,1,007,28,008
2025-12,경북,청송군,59,10,202,37,10,298,63,465,44,572,88,6,143,117,6,348,9,66,15,90,219,16,876,213,17,308
2025-12,경북,칠곡군,114,55,709,275,56,098,63,1,703,340,2,106,115,12,853,1,596,14,564,14,269,293,576,306,70,534,2,504,73,344
2025-12,경북,포항시 남구,147,103,132,1,354,104,633,79,2,731,730,3,540,219,17,695,4,083,21,997,14,473,1,693,2,180,459,124,031,7,860,132,350
2025-12,경북,포항시 북구,164,132,991,2,096,135,251,94,2,778,360,3,232,111,18,085,1,132,19,328,30,480,301,811,399,154,334,3,889,158,622
2025-12,경북,계,2,825,1,170,829,12,847,1,186,501,1,752,34,120,5,255,41,127,3,161,296,156,25,062,324,379,417,5,538,5,405,11,360,8,155,1,506,643,48,569,1,563,367
2025-12,경남,거제시,128,97,366,994,98,488,81,2,601,458,3,140,154,12,040,515,12,709,16,337,169,522,379,112,344,2,136,114,859
2025-12,경남,거창군,106,25,181,178,25,465,73,824,178,1,075,104,9,304,262,9,670,16,88,178,282,299,35,397,796,36,492
2025-12,경남,고성군,64,19,724,180,19,968,65,659,90,814,94,7,345,212,7,651,11,144,65,220,234,27,872,547,28,653
2025-12,경남,김해시,264,251,389,2,198,253,851,155,5,728,621,6,504,240,40,879,4,796,45,915,43,844,617,1,504,702,298,840,8,232,307,774
2025-12,경남,남해군,100,15,112,143,15,355,54,513,105,672,138,6,256,155,6,549,8,69,28,105,300,21,950,431,22,681
2025-12,경남,밀양시,113,44,186,481,44,780,92,1,294,196,1,582,107,13,599,2,642,16,348,16,214,594,824,328,59,293,3,913,63,534
2025-12,경남,사천시,103,49,485,633,50,221,81,1,362,198,1,641,136,10,436,579,11,151,18,203,115,336,338,61,486,1,525,63,349
2025-12,경남,산청군,89,13,962,54,14,105,60,467,54,581,99,7,241,468,7,808,9,148,152,309,257,21,818,728,22,803
2025-12,경남,양산시,187,158,906,1,043,160,136,88,3,919,735,4,742,156,22,355,7,190,29,701,27,671,1,474,2,172,458,185,851,10,442,196,751
2025-12,경남,의령군,65,10,558,45,10,668,53,344,37,434,91,4,559,559,5,209,14,67,121,202,223,15,528,762,16,513
2025-12,경남,진주시,216,145,273,2,674,148,163,170,3,013,1,089,4,272,250,26,487,2,408,29,145,34,538,439,1,011,670,175,311,6,610,182,591
2025-12,경남,창녕군,68,25,274,198,25,540,73,938,115,1,126,93,10,221,340,10,654,9,145,66,220,243,36,578,719,37,540
2025-12,경남,창원시 마산합포구,151,90,151,1,321,91,623,64,1,742,471,2,277,137,10,252,1,000,11,389,15,166,153,334,367,102,311,2,945,105,623
2025-12,경남,창원시 마산회원구,71,96,683,5,419,102,173,28,1,705,404,2,137,54,10,683,1,559,12,296,4,234,233,471,157,109,305,7,615,117,077
2025-12,경남,창원시 성산구,250,150,221,16,654,167,125,227,1,923,823,2,973,146,10,432,969,11,547,16,232,193,441,639,162,808,18,639,182,086
2025-12,경남,창원시 의창구,251,116,565,53,923,170,739,163,2,096,391,2,650,129,16,917,1,478,18,524,20,333,351,704,563,135,911,56,143,192,617
2025-12,경남,창원시 진해구,95,87,468,721,88,284,38,1,746,156,1,940,88,7,755,1,146,8,989,12,311,322,645,233,97,280,2,345,99,858
2025-12,경남,통영시,98,43,401,653,44,152,87,1,509,247,1,843,124,8,680,362,9,166,14,184,73,271,323,53,774,1,335,55,432
2025-12,경남,하동군,58,16,372,88,16,518,71,506,45,622,109,7,806,165,8,080,15,99,85,199,253,24,783,383,25,419
2025-12,경남,함안군,80,33,890,28,015,61,985,53,961,280,1,294,85,10,158,556,10,799,6,180,232,418,224,45,189,29,083,74,496
2025-12,경남,함양군,64,14,071,19,460,33,595,56,459,154,669,111,6,613,140,6,864,14,85,33,132,245,21,228,19,787,41,260
2025-12,경남,합천군,85,15,963,149,16,197,62,557,75,694,139,8,224,393,8,756,15,91,68,174,301,24,835,685,25,821
2025-12,경남,계,2,706,1,521,201,135,224,1,659,131,1,894,34,866,6,922,43,682,2,784,268,242,27,894,298,920,352,5,383,5,761,11,496,7,736,1,829,692,175,801,2,013,229
2025-12,제주,서귀포시,242,77,591,925,78,758,129,2,709,142,2,980,345,26,822,698,27,865,47,246,142,435,763,107,368,1,907,110,038
2025-12,제주,제주시,617,257,107,278,209,535,933,344,6,673,6,273,13,290,691,60,035,3,752,64,478,39,1,145,564,1,748,1,691,324,960,288,798,615,449
2025-12,제주,계,859,334,698,279,134,614,691,473,9,382,6,415,16,270,1,036,86,857,4,450,92,343,86,1,391,706,2,183,2,454,432,328,290,705,725,487
2025-12,강원,강릉시,177,94,860,2,205,97,242,144,2,345,496,2,985,264,17,862,1,414,19,540,39,430,389,858,624,115,497,4,504,120,625
2025-12,강원,고성군,57,12,041,119,12,217,45,424,36,505,101,3,936,94,4,131,6,64,32,102,209,16,465,281,16,955
2025-12,강원,동해시,120,39,958,711,40,789,82,1,121,162,1,365,128,6,839,518,7,485,10,183,184,377,340,48,101,1,575,50,016
2025-12,강원,삼척시,124,26,587,475,27,186,96,735,115,946,186,6,724,189,7,099,11,154,50,215,417,34,200,829,35,446
2025-12,강원,속초시,119,34,270,784,35,173,88,1,006,132,1,226,109,5,305,312,5,726,8,155,87,250,324,40,736,1,315,42,375
2025-12,강원,양구군,55,9,024,55,9,134,54,272,35,361,113,3,335,58,3,506,10,51,20,81,232,12,682,168,13,082
2025-12,강원,양양군,44,12,699,182,12,925,38,369,26,433,126,4,078,70,4,274,15,91,22,128,223,17,237,300,17,760
2025-12,강원,영월군,132,15,122,153,15,407,79,580,57,716,127,6,177,133,6,437,13,123,57,193,351,22,002,400,22,753
2025-12,강원,원주시,231,164,693,2,536,167,460,164,3,955,503,4,622,231,26,454,2,318,29,003,27,754,362,1,143,653,195,856,5,719,202,228
2025-12,강원,인제군,59,14,738,79,14,876,52,419,64,535,122,4,973,119,5,214,10,87,32,129,243,20,217,294,20,754
2025-12,강원,정선군,113,15,406,221,15,740,98,513,76,687,153,6,228,162,6,543,24,120,34,178,388,22,267,493,23,148
2025-12,강원,철원군,58,17,360,209,17,627,70,609,58,737,136,6,951,142,7,229,16,98,24,138,280,25,018,433,25,731
2025-12,강원,춘천시,335,123,099,2,290,125,724,267,2,905,626,3,798,267,18,374,2,789,21,430,29,552,411,992,898,144,930,6,116,151,944
2025-12,강원,태백시,72,16,118,354,16,544,59,558,127,744,122,3,292,134,3,548,15,124,48,187,268,20,092,663,21,023
2025-12,강원,평창군,110,17,816,219,18,145,76,712,69,857,121,8,623,139,8,883,22,97,51,170,329,27,248,478,28,055
2025-12,강원,홍천군,136,28,488,251,28,875,115,1,094,266,1,475,180,11,658,452,12,290,23,182,67,272,454,41,422,1,036,42,912
2025-12,강원,화천군,58,9,920,56,10,034,62,265,40,367,99,3,306,45,3,450,10,59,25,94,229,13,550,166,13,945
2025-12,강원,횡성군,90,19,764,551,20,405,63,786,81,930,124,8,654,271,9,049,13,139,48,200,290,29,343,951,30,584
2025-12,강원,계,2,090,671,963,11,450,685,503,1,652,18,668,2,969,23,289,2,709,152,769,9,359,164,837,301,3,463,1,943,5,707,6,752,846,863,25,721,879,336
2025-12,전북,고창군,113,20,574,160,20,847,66,1,227,93,1,386,158,10,693,294,11,145,14,119,55,188,351,32,613,602,33,566
2025-12,전북,군산시,212,118,043,1,927,120,182,125,2,790,513,3,428,212,19,351,3,290,22,853,22,539,720,1,281,571,140,723,6,450,147,744
2025-12,전북,김제시,126,35,995,499,36,620,60,1,436,142,1,638,145,13,940,1,046,15,131,8,288,160,456,339,51,659,1,847,53,845
2025-12,전북,남원시,137,29,884,413,30,434,109,1,102,162,1,373,175,12,375,460,13,010,22,191,73,286,443,43,552,1,108,45,103
2025-12,전북,무주군,73,9,089,56,9,218,39,442,59,540,102,4,425,246,4,773,8,46,39,93,222,14,002,400,14,624
2025-12,전북,부안군,98,19,183,175,19,456,63,755,109,927,141,8,733,263,9,137,12,113,53,178,314,28,784,600,29,698
2025-12,전북,순창군,74,11,279,85,11,438,59,378,22,459,98,5,368,65,5,531,10,50,22,82,241,17,075,194,17,510
2025-12,전북,완주군,129,48,566,226,48,921,116,1,536,432,2,084,214,12,491,2,396,15,101,29,270,230,529,488,62,863,3,284,66,635
2025-12,전북,익산시,197,116,594,1,846,118,637,131,3,588,495,4,214,214,24,155,3,110,27,479,17,486,420,923,559,144,823,5,871,151,253
2025-12,전북,임실군,85,9,906,57,10,048,61,395,68,524,120,4,943,282,5,345,8,65,24,97,274,15,309,431,16,014
2025-12,전북,장수군,76,8,278,32,8,386,42,324,21,387,115,4,481,88,4,684,6,52,21,79,239,13,135,162,13,536
2025-12,전북,전주시 덕진구,162,149,312,3,000,152,474,99,3,153,914,4,166,152,18,924,2,622,21,698,13,599,413,1,025,426,171,988,6,949,179,363
2025-12,전북,전주시 완산구,342,136,531,1,989,138,862,222,2,842,539,3,603,211,15,583,1,570,17,364,23,377,250,650,798,155,333,4,348,160,479
2025-12,전북,정읍시,108,42,006,625,42,739,106,1,481,198,1,785,162,14,861,917,15,940,9,271,124,404,385,58,619,1,864,60,868
2025-12,전북,진안군,115,9,910,62,10,087,52,391,94,537,110,5,041,105,5,256,17,61,15,93,294,15,403,276,15,973
2025-12,전북,계,2,047,765,150,11,152,778,349,1,350,21,840,3,861,27,051,2,329,175,364,16,754,194,447,218,3,527,2,619,6,364,5,944,965,881,34,386,1,006,211